{
  "timestamp": "2025-11-03 20:58:27",
  "initialization": {
    "asr": 4.565056085586548,
    "llm": 0.45360326766967773,
    "tts": 14.243016719818115,
    "total": 19.26167607307434
  },
  "module_processing": {
    "asr": {
      "mean": 0.1504891872406006,
      "std": 0.11393915062681627,
      "runs": [
        0.3543069362640381,
        0.10042834281921387,
        0.09951615333557129,
        0.09944725036621094,
        0.09874725341796875
      ]
    },
    "llm": {
      "mean": 76.31109900474549,
      "std": 164.16973246528065,
      "runs": [
        3.2923648357391357,
        2.165229082107544,
        369.9856917858124,
        2.8282597064971924,
        3.283949613571167
      ]
    },
    "tts": {
      "mean": 4.37086968421936,
      "std": 1.1474266348127133,
      "runs": [
        6.004939794540405,
        4.965700149536133,
        3.674180507659912,
        3.064795732498169,
        4.144732236862183
      ]
    }
  },
  "end_to_end": {
    "mean": 36.48336052894592,
    "std": 0,
    "init_time": 16.391576528549194,
    "mean_process": 17.797131220499676,
    "std_process": 0.6934322224561403,
    "runs": [
      36.48336052894592
    ],
    "process_runs": [
      16.997699975967407,
      18.1577250957489,
      18.235968589782715
    ],
    "detailed": [
      {
        "run": 1,
        "process_time": 16.997699975967407,
        "success": true,
        "asr_text": "你 好 我 是 智 能 学 霸 助 手 很 高 兴 为 你 服 务",
        "llm_response_length": 92
      },
      {
        "run": 2,
        "process_time": 18.1577250957489,
        "success": true,
        "asr_text": "你 好 我 是 智 能 学 霸 助 手 很 高 兴 为 你 服 务",
        "llm_response_length": 96
      },
      {
        "run": 3,
        "process_time": 18.235968589782715,
        "success": true,
        "asr_text": "你 好 我 是 智 能 学 霸 助 手 很 高 兴 为 你 服 务",
        "llm_response_length": 88
      }
    ]
  }
}